Epoch,Loss_D,Loss_G,Score_D,Score_G,PSNR,SSIM
1,0.0004287524225529618,0.023047741580894083,0.9997878265501889,0.0002161692588484138,29.96101471476163,0.7612049232633151
