Epoch,Loss_D,Loss_G,Score_D,Score_G,PSNR,SSIM
1,0.021949500511986384,0.0319020315716231,0.9890811950566853,0.006846502505730001,29.54945118734201,0.7604723928408806
