Epoch,Loss_D,Loss_G,Score_D,Score_G,PSNR,SSIM
1,1.0,0.008757624662048848,3.577661689879558e-12,2.933493864642155e-12,39.76087637738652,0.9202586051055364
