Epoch,Loss,PSNR,SSIM
1,0.021614326417220688,29.933702399697687,0.7605096278963862
2,0.02168215662274531,29.931768396658324,0.7604875251290469
