Epoch,Loss,PSNR,SSIM
1,0.012420718591547536,34.99320658537769,0.9196658599088405
