Epoch,Loss,PSNR,SSIM
1,0.028195656532447204,9.296316623522996,0.016450564757729786
