Epoch,Loss,PSNR,SSIM
1,0.021614326417220688,29.933702399697687,0.7605096278963862
