Epoch,Loss,PSNR,SSIM
1,0.013467540240181344,36.35424543295929,0.7710837739535741
