Epoch,Loss,PSNR,SSIM
1,0.0004351226172517791,34.827113360240126,0.9163415380256783
2,0.0004355185396311347,34.92545550612386,0.9166111010067154
