Epoch,Loss,PSNR,SSIM
1,0.0013086114607708636,29.65719073507961,0.7544894537240648
2,0.0012997843334406026,29.640508319661723,0.7543225953750217
3,0.0013021087940439354,29.63812547516654,0.7538128398772154
4,0.001312279535437006,29.65031912428058,0.7540790248519157
