Epoch,PSNR,SSIM,LPIPS
1,38.470856613909625,0.9343824842396904,0.0
