Epoch,Loss,PSNR,SSIM
1,0.0004351226172517791,34.827113360240126,0.9163415380256783
