Epoch,Loss,PSNR,SSIM
1,0.000838044151268876,31.644654424568913,0.8198575661073877
