Epoch,Loss_D,Loss_G,Score_D,Score_G,PSNR,SSIM
1,0.8457611089165356,0.002046281778037415,0.35940892253737844,0.19555110299594997,35.565888317206046,0.8367389152390616
