Epoch,Loss_D,Loss_G,Score_D,Score_G,PSNR,SSIM
1,0.9608432027780646,0.003380999903884723,0.5644547161610995,0.516973737475294,30.015258822993218,0.7513522841513242
