Epoch,Loss_D,Loss_G,Score_D,Score_G,PSNR,SSIM
1,0.9967856857549904,0.0030007350253161333,0.14163597678161718,0.13656798824209973,30.734841288012625,0.8620495018714861
