Epoch,Loss_D,Loss_G,Score_D,Score_G,PSNR,SSIM
1,0.8457611089165356,0.002046281778037415,0.35940892253737844,0.19555110299594997,35.565888317206046,0.8367389152390616
2,0.9999999944823129,0.0015323805144954739,6.8512312568196506e-09,8.209711577841076e-10,35.23924298683474,0.8306452855382647
3,0.9966094448225838,0.0013621568087837659,0.046299144234671116,0.04194977289616775,33.722845415702494,0.7763073375565666
4,0.9992129051770483,0.001300982688986031,0.017257943376488335,0.01602576911060453,37.5925909989827,0.8783406818934849
