Epoch,Loss_D,Loss_G,Score_D,Score_G,PSNR,SSIM
1,0.8895010428441971,0.004487757990136743,0.264438718890375,0.1439210829153507,27.956713022726724,0.7221982367813672
2,1.0003270930962191,0.0027266117121141284,0.44894278988119213,0.44638622248756865,28.79352647099353,0.7294224253504578
3,1.0023063988094714,0.002503049532322264,0.4455420784631527,0.4462227973267348,28.89398964603478,0.734091864286751
4,1.0031800355880336,0.002704798447775724,0.07665453279873238,0.07925241145277419,29.053854335578325,0.7377689410409073
5,1.0000000442826438,0.0027058737211248783,2.3354158588715552e-06,2.3789252417447094e-06,29.393420750520555,0.7411340079343166
