Epoch,Loss_D,Loss_G,Score_D,Score_G,PSNR,SSIM
1,0.9257467138029515,0.004177901232542983,0.4627198323055359,0.3799480562740139,27.92491165730299,0.7233652478854992
