Epoch,Loss_D,Loss_G,Score_D,Score_G,PSNR,SSIM
1,0.8895010428441971,0.004487757990136743,0.264438718890375,0.1439210829153507,27.956713022726724,0.7221982367813672
