Epoch,Loss_D,Loss_G,Score_D,Score_G,PSNR,SSIM
1,0.8457611089165356,0.002046281778037415,0.35940892253737844,0.19555110299594997,35.565888317206046,0.8367389152390616
2,0.9999999944823129,0.0015323805144954739,6.8512312568196506e-09,8.209711577841076e-10,35.23924298683474,0.8306452855382647
