Epoch,Loss,PSNR,SSIM
1,0.002307390195673774,30.666928670171192,0.7892695725557645
