Epoch,Loss_D,Loss_G,Score_D,Score_G,PSNR,SSIM
1,0.018647220917173156,0.01599312906439549,0.9911187446076783,0.006307358516039665,15.50465593302371,0.8693042683260781
