Epoch,Loss_D,Loss_G,Score_D,Score_G,PSNR,SSIM
1,0.6140976054742933,0.01525898096457656,0.7103866892872112,0.3234639714530536,23.871700540366,0.9041640545300075
