Epoch,Loss_D,Loss_G,Score_D,Score_G,PSNR,SSIM
1,1.4641068517684427e-16,0.00841040657078182,1.0,1.4640483048612068e-16,39.930921514649974,0.918846752847944
