Epoch,Loss_D,Loss_G,Score_D,Score_G,PSNR,SSIM
1,1.0,0.008359091109434396,1.0,1.0,40.06199958726474,0.9186920766723888
