Epoch,Loss_D,Loss_G,Score_D,Score_G,PSNR,SSIM
1,0.022983262371024726,0.019098679868038745,0.9906359786964687,0.00990012837615057,33.99544439884253,0.8415398302759443
2,0.04771415053179643,0.011033006180210837,0.9865128725017407,0.02892318037738743,37.86853835398062,0.8937512590544564
3,0.02637810553132003,0.009713397807940574,0.9884567069713792,0.010422784540690892,39.091010156629345,0.9104423051902226
