Epoch,Loss_D,Loss_G,Score_D,Score_G,PSNR,SSIM
1,0.022983262371024726,0.019098679868038745,0.9906359786964687,0.00990012837615057,33.99544439884253,0.8415398302759443
