Epoch,Loss_D,Loss_G,Score_D,Score_G,PSNR,SSIM
1,0.015645549435118613,0.005585317695712937,0.9931137303347766,0.007773249390846883,27.986646363182828,0.9754437050478799
