Epoch,Loss_D,Loss_G,Score_D,Score_G,PSNR,SSIM
1,0.04686086864416055,0.017757911855621,0.9740757051536015,0.012882175599208234,31.466374330129668,0.5736130426781518
2,0.013600253234156949,0.012181943767304932,0.9938272896409035,0.0034326346171105145,31.531070190657367,0.7281084604603903
