Epoch,Loss_D,Loss_G,Score_D,Score_G,PSNR,SSIM
1,0.004002570024798282,0.025764739494637718,0.9978067512597356,0.0017101278555678293,25.538847296190994,0.3841155106366745
