Epoch,Loss_D,Loss_G,Score_D,Score_G,PSNR,SSIM
1,3.222713088147775e-18,0.008413260526256636,1.0,3.2227116965901168e-18,40.05195725083282,0.9214322891235351
2,1.0188632992002519e-18,0.008420623963698744,1.0,1.0188681393957231e-18,40.04512267873308,0.9205827283518655
3,4.293965174207246e-15,0.008421364857981513,1.0,4.284113397403435e-15,40.042561138494435,0.9205993577071598
