Epoch,Loss_D,Loss_G,Score_D,Score_G,PSNR,SSIM
1,0.019729407610126,0.01831862815643343,0.9904431056068542,0.008168063195835792,37.143158406670004,0.8602219408783833
