Epoch,Loss_D,Loss_G,Score_D,Score_G,PSNR,SSIM
1,0.019729407610126,0.01831862815643343,0.9904431056068542,0.008168063195835792,37.143158406670004,0.8602219408783833
2,0.0027897212254024964,0.011476961729793827,0.9987097090158517,0.0009295805827038752,38.909676038350064,0.90032993098877
