Epoch,Loss_D,Loss_G,Score_D,Score_G,PSNR,SSIM
1,9.25956601856416e-12,0.008424472062748723,0.999999999991485,3.22798329956637e-13,40.02485149600361,0.9203549871444702
