Epoch,Loss_D,Loss_G,Score_D,Score_G,PSNR,SSIM
1,0.006536492607673933,0.025829151327721775,0.9961291285493478,0.002500788937597926,25.53853556710614,0.3839506901132741
