Epoch,Loss_D,Loss_G,Score_D,Score_G,PSNR,SSIM
1,0.7991696545731809,0.006220107337526445,0.6146908052211095,0.409815195257709,27.23212579300503,0.9550991136346545
