Epoch,Loss_D,Loss_G,Score_D,Score_G,PSNR,SSIM
1,0.04686086864416055,0.017757911855621,0.9740757051536015,0.012882175599208234,31.466374330129668,0.5736130426781518
