Epoch,Loss_D,Loss_G,Score_D,Score_G,PSNR,SSIM
1,1.0,0.008807790393902464,1.0,1.0,39.64823830173852,0.9152208455115057
